weekOf,topic,prev_week_progress,this_week_progress,status,week_source,source_file,extracted_at
2026-08-W2,"26년 하절기 준비농가
(담당별 - 세부계획)","한영-중계휀 6개 추가 설치 예정 설치위치 검토
- 중계휀 도착완료
-> 5월 1주차 설치 위치 및 중계휀 틀 제작
-> 틀제작 계획 취소 후 앵글로 설치 예정
-> 5/22 설치완료, 합의서 수령 완료","한영-중계휀 6개 추가 설치 예정 설치위치 검토
- 중계휀 도착완료
-> 5월 1주차 설치 위치 및 중계휀 틀 제작
-> 틀제작 계획 취소 후 앵글로 설치 예정
-> 5/22 설치완료, 합의서 수령 완료",진행중,26년8월1주,f6730b66-__1______26__8__2___.xlsx,2026-08-13T00:34:09
2026-08-W2,개군,,,완료,26년8월1주,f6730b66-__1______26__8__2___.xlsx,2026-08-13T00:34:09
2026-08-W2,거성,"- 출하두당 69,000원이면 거래유지 가능(연평균 당사기준 사육비 69,000원/두)","- 출하두당 69,000원이면 거래유지 가능(연평균 당사기준 사육비 69,000원/두)
 - 중계휀 설치예정",진행중,26년8월1주,f6730b66-__1______26__8__2___.xlsx,2026-08-13T00:34:09
2026-08-W2,광남농본,"* 월 24,000,000원으로 협의완료(사육규모 3,200두 대비 7,500원 정도)
- 이유자돈사 운영 건 차주 논의 예정(모돈 500두 이유자돈 생산량 수용가능)
- 광남농본쪽에서 근무하시던 출하기사님 물류비 계약 맺고 출하할 수 있는지 확인요청
-> 출하기사 불가 통보","* 월 24,000,000원으로 협의완료(사육규모 3,200두 대비 7,500원 정도)
- 이유자돈사 운영 건 논의 예정(모돈 500두 이유자돈 생산량 수용가능)
- 광남농본쪽에서 근무하시던 출하기사님 물류비 계약 맺고 출하할 수 있는지 확인요청
-> 출하기사 불가 통보
이유자돈사 차주 재논의",진행중,26년8월1주,f6730b66-__1______26__8__2___.xlsx,2026-08-13T00:34:09
2026-08-W2,대왕,"- 규모두당 57,000원 인상 요청, 시설장려금 요청 중
(공사 비용 및 농장운영자금 부족, 경쟁사 영입시도 : 돈돈팜스 규모두당 59,000원, 무이자 2억)","- 규모두당 57,000원 인상 요청, 시설장려금 요청 중
(공사 비용 및 농장운영자금 부족, 경쟁사 영입시도 : 돈돈팜스 규모두당 59,000원, 무이자 2억)",완료,26년8월1주,f6730b66-__1______26__8__2___.xlsx,2026-08-13T00:34:09
2026-08-W2,백근,"- 차주 시설장려금 진행 예정(500만원), 완료","- 차주 시설장려금 진행 예정(500만원), 완료",완료,26년8월1주,f6730b66-__1______26__8__2___.xlsx,2026-08-13T00:34:09
2026-08-W2,성웅용인,"* 농장 최소운영자금 33,000,000원 요청중(계약조건 명시)
- 전입돈군 육성율 97%수준으로 사양관리에 최선을 다하고 있으나 저체중 자돈으로 인한 회전율 저하 현상 발생(전입체중 24kg)
- 8월 3,4동 2개동 사육비 추가발생예상","* 농장 최소운영자금 33,000,000원 요청중(계약조건 명시)
- 전입돈군 육성율 97%수준으로 사양관리에 최선을 다하고 있으나 저체중 자돈으로 인한 회전율 저하 현상 발생(전입체중 24kg)
- 8월 2,3,4동 3개동 사육비 추가발생예상
- 현재 위출혈과 호흡기 증상으로 인한 폐사 발생하여 치료중",진행중,26년8월1주,f6730b66-__1______26__8__2___.xlsx,2026-08-13T00:34:09
2026-08-W2,신규농장,,,완료,26년8월1주,f6730b66-__1______26__8__2___.xlsx,2026-08-13T00:34:09
2026-08-W2,신옥산,"규모두당 57,000원 요청중","규모두당 57,000원 요청중",진행중,26년8월1주,f6730b66-__1______26__8__2___.xlsx,2026-08-13T00:34:09
2026-08-W2,양동,3동 전입 청소 요청(7-22),3동 전입 청소 요청(7-22) -> 일요일 전입 예정,완료,26년8월1주,f6730b66-__1______26__8__2___.xlsx,2026-08-13T00:34:09
2026-08-W2,자연생명,"5/28 전입완료 5/29 PRRS 백신 접종 완료, 접종후 관절돈 일부 발생하여 치료중
분뇨처리용 신차구매 독려중
중고차 예상 구매액 팔천만원, 선지급 방안 고민중
-> 하반기 선지급 불가 통보완료","5/28 전입완료 5/29 PRRS 백신 접종 완료, 접종후 관절돈 일부 발생하여 치료중
분뇨처리용 신차구매 독려중
중고차 예상 구매액 팔천만원, 선지급 방안 고민중
-> 하반기 선지급 불가 통보완료
현재 위출혈과 흉막폐렴으로 인한 폐사 발생하여 치료중",진행중,26년8월1주,f6730b66-__1______26__8__2___.xlsx,2026-08-13T00:34:09
2026-08-W2,진정1,"* 진정1-2 6/4 323두 전입 20% 돈군 호흡기 증상, 타이펜콜 선별주사 실시
* 진정1 6/18 660두 전입 20%돈군 설사 및 호흡기 증상, 6/24 전체선별 실시
* 6/29 드랙신 치료 완료
- 현재 호흡기 증상이 보여 선별치료 및 위축돈 분리선별중
7/27 동복 사후심사 예정","* 진정1-2 6/4 323두 전입 20% 돈군 호흡기 증상, 타이펜콜 선별주사 실시
* 진정1 6/18 660두 전입 20%돈군 설사 및 호흡기 증상, 6/24 전체선별 실시
* 6/29 드랙신 치료 완료
- 현재 호흡기 증상이 보여 선별치료 및 위축돈 분리선별중
7/27 동복 사후심사 예정
- 심사완료",진행중,26년8월1주,f6730b66-__1______26__8__2___.xlsx,2026-08-13T00:34:09
2026-08-W2,진정2,"* 진정2농장
 - 증체 저하로 6/22주차부터 비테인,감미제 투약중
 - 5동 위궤양, 위출혈 증세로 인한 지속 폐사 발생
7/21 동복 사후심사 예정 -> 사후심사 완료
- 차주 사육비 인상건 진행예정(사전품의완료)
- 경쟁사 사육비 조건, 농장운영자금 부족으로 인상요청
** 규모두당 57,000원으로 계약서 작성 예정(1년간)
- 차주 팀장님 동행 점심식사 요청

5,6동 지속적 흉막 및 위출혈 폐사 발생
- 세포샷 전체주사 후 가스트릭스 투약
- 집중관리 계획서 작성 예정
7/23 전입돈군 신경증상 다량 발생, 부타dpps 전체접종, 수의사동행방문
채혈검사서 결과공유
진정2 1동 드랙신 치료, 2동 prrs 백신접종","* 진정2농장
 - 증체 저하로 6/22주차부터 비테인,감미제 투약중
 - 5동 위궤양, 위출혈 증세로 인한 지속 폐사 발생
7/21 동복 사후심사 예정 -> 사후심사 완료
- 차주 사육비 인상건 진행예정(사전품의완료)
- 경쟁사 사육비 조건, 농장운영자금 부족으로 인상요청
** 규모두당 57,000원으로 계약서 작성 예정(1년간)
- 차주 팀장님 동행 점심식사 요청 -> 연기됨,일정 재조정

5,6동 지속적 흉막 및 위출혈 폐사 발생
- 세포샷 전체주사 후 가스트릭스 투약
- 집중관리 계획서 작성 예정
7/23 전입돈군 신경증상 다량 발생, 부타dpps 전체접종, 수의사동행방문
채혈검사서 결과공유
진정2 1동 드랙신 치료, 2동 prrs 백신접종
현재 위출혈과 흉막폐렴으로 인한 폐사 발생하여 치료중, 집중관리 계획서 작성",진행중,26년8월1주,f6730b66-__1______26__8__2___.xlsx,2026-08-13T00:34:09
2026-08-W2,출하두수 & 체중,"(~07/29일 까지)
출하 2,386두 112.8kg","(~08/10일 까지)
출하 1,012두 112.0kg",,26년8월1주,f6730b66-__1______26__8__2___.xlsx,2026-08-13T00:34:09
2026-08-W2,태농,"태농 1-4,5,6 0.5ml 접종완료, 8구간 왼쪽 4개방 뺴고 접종완료(7/20)
7/28 prrs 접종예정 1-8,2-4,3 
2구간 접종완료","태농 1-4,5,6 0.5ml 접종완료, 8구간 왼쪽 4개방 뺴고 접종완료(7/20)
7/28 prrs 접종예정 1-8,2-4,3 
2구간 접종완료",,26년8월1주,f6730b66-__1______26__8__2___.xlsx,2026-08-13T00:34:09
2026-08-W2,트랜스 적용여부,"1. 진정2 4동 : 7/22 5톤
2. 진정2 5동 : 7/24 5톤 적용
3. 양동 : 7/27 10톤 적용
4. 성웅 : 2동 7/23 3톤","1. 진정2 4동 : 7/22 5톤
2. 진정2 5동 : 7/24 5톤 적용
3. 양동 : 7/27 10톤 적용
4. 성웅 : 2동 7/23 3톤",,26년8월1주,f6730b66-__1______26__8__2___.xlsx,2026-08-13T00:34:09
2026-08-W2,하절기 준비사항,"한영-중계휀 6개 추가 설치 예정 설치위치 검토
- 중계휀 도착완료
-> 5월 1주차 설치 위치 및 중계휀 틀 제작
-> 틀제작 계획 취소 후 앵글로 설치 예정
-> 5/22 설치완료, 합의서 수령 완료
-> 합의서 도장이 필요해 금주 도장 받을 예정","한영-중계휀 6개 추가 설치 예정 설치위치 검토
- 중계휀 도착완료
-> 5월 1주차 설치 위치 및 중계휀 틀 제작
-> 틀제작 계획 취소 후 앵글로 설치 예정
-> 5/22 설치완료, 합의서 수령 완료
-> 합의서 도장이 필요해 금주 도장 받을 예정
- 도장 받아 품의 진행",진행중,26년8월1주,f6730b66-__1______26__8__2___.xlsx,2026-08-13T00:34:09
2026-08-W2,한영,"중계휀 설치완료, 최근 지속적 호흡기로 1두씩 폐사 발생하여 프로펜콜 투약중(육성율 96%)","중계휀 설치완료, 최근 지속적 호흡기로 1두씩 폐사 발생하여 프로펜콜 투약중(육성율 96%)",완료,26년8월1주,f6730b66-__1______26__8__2___.xlsx,2026-08-13T00:34:09
